feature_1,feature_2,feature_3,feature_4,feature_5,target
54.96714153011233,16.748258225906977,54,6,4.624535412628403,248.17190414029068
48.61735698828815,10.456784033440025,49,6,0.0950385140690747,209.6531304078426
56.47688538100692,63.64302495436367,44,6,1.1003482805301286,369.05912662633335
65.23029856408026,70.64757264869012,61,4,0.3332342569389452,456.0872272767758
47.658466252766644,3.1586144825642037,46,6,1.021902380691524,190.5992864201821
47.6586304305082,93.62122462436898,49,5,0.9355336343495465,433.1197729235259
65.79212815507391,5.1971283651472415,52,3,0.16659408297163328,206.7560292087138
57.67434729152909,54.12963353010704,54,2,0.23161262002507968,365.69473965203287
45.30525614065048,70.90605194509165,48,3,0.9718816109356864,387.4823245629875
55.42560043585965,87.09691237460856,57,2,0.13722959088482758,454.3943481469609
45.365823071875376,71.40869321324278,49,8,0.30813089866675575,369.43576786624084
45.34270246429743,80.17280830697918,54,7,1.8032990816126377,400.50092391047554
52.41962271566034,33.94501925428061,49,4,0.39614592589478687,266.4941839557255
30.86719755342202,81.48251137465122,42,3,0.6695481535596243,379.0453571899162
32.75082167486967,8.011484638467515,49,3,2.832599230142057,157.72314765709612
44.37712470759027,89.48166560605276,54,6,0.25766911941956466,438.2172538034486
39.87168879665576,54.75923761537362,48,5,0.49368342337706184,295.2630330205025
53.142473325952736,81.72977699624937,60,1,0.9325669120365672,450.99698799740963
40.91975924478789,45.23182845183001,47,8,1.4078814119293528,289.9127861239623
35.87696298664709,64.35776951965249,53,9,2.3192571700496383,326.3803425297521
64.65648768921554,52.640266093611324,45,4,2.4706841220175435,355.32406187410214
47.74223699513465,73.15895217553319,47,7,1.4989707923801716,382.0087641121448
50.67528204687924,8.162998203058958,51,3,0.2591993656189182,196.33800950450805
35.75251813786544,6.03520839905638,47,7,0.02512226817274325,127.58138825388455
44.556172754748175,24.710323401014644,48,5,0.48414138659930656,226.14002309502652
51.10922589709866,15.954468011318834,50,6,0.1526255029867771,225.10616728591506
38.490064225776976,87.17835665922017,49,8,1.2392119655069462,402.52954892364323
53.75698018345672,21.92139873580443,52,2,1.082140457690111,248.06120620673713
43.99361310081195,97.58652558191314,51,4,0.04496770279480687,470.2143708072681
47.083062502067236,33.68957917711069,52,9,1.8115160258669245,267.95978242400366
43.98293387770603,18.211791568869927,56,4,0.28600782983336576,203.63324765374213
68.52278184508938,78.96985071424791,57,4,0.5660337209887204,455.6066122264172
49.86502775262066,65.87077755008761,53,3,1.102420737980706,376.33632905111847
39.422890710440996,49.8195716453139,56,4,0.5610997654770735,302.0509497872047
58.225449121031886,55.53635509376312,55,4,0.5821207913609259,370.9074494807632
37.791563500289776,71.92017782722638,55,6,0.06788062811871548,356.22137075704825
52.08863595004755,22.845474133129873,51,7,0.5132344380644162,244.33628330890895
30.403298761202244,99.63339160567419,43,3,1.4475227113285714,407.9691833259931
36.71813951101569,97.4793162146783,57,6,2.4671807324985524,445.41735049149094
51.96861235869123,65.03256863469369,47,8,0.5335777295081453,372.61622922641635
57.38466579995411,19.954245092914512,53,7,0.5509288261220853,249.0152676065068
51.7136828118997,68.02282424312914,54,3,1.212768393439677,384.79530327946986
48.843517176117594,7.219840897917584,48,4,2.8607120091916127,189.62425783134108
46.98896304410711,3.0652502205806065,44,6,0.31069271866810355,166.95135143968133
35.214780096325725,25.76828885112137,48,8,0.5800760400896539,222.67194595308325
42.801557916052914,46.26229567393163,61,3,1.5895041346811705,321.3881600849508
45.393612290402125,86.82725054083805,54,4,0.940823128820712,444.4859350361669
60.57122226218915,72.7169069766308,45,3,0.11719284681153658,406.9693353095645
53.43618289568462,74.2706521199981,56,8,0.9881432298830386,393.0770772002634
32.36959844637266,42.54933344480754,53,1,0.20671214505297864,279.96668322341134
53.24083969394795,34.59349925469629,48,3,0.7137906667988838,294.2604217440307
46.149177195836835,37.10387629846027,47,7,0.7531164609379286,295.22693345890275
43.23077999694041,98.76495637360578,46,5,2.0891150776221274,463.7734879224664
56.11676288840868,4.010919141248248,47,9,0.6208158660369469,185.3632990979563
60.30999522495951,86.70314961224486,53,5,0.3277299531142403,459.60127956153946
59.31280119116199,57.86754085723934,43,4,0.26262054998666035,352.02195748863943
41.607824767773614,43.86154191895905,49,5,2.0734743940447538,281.73500604139275
46.907876241487855,72.52576604151365,57,7,0.18754821732005023,392.25819669915035
53.31263431403564,48.666894142470284,43,3,0.5548969208678626,328.48338207681275
59.75545127122359,87.34232380816606,46,6,0.20723712559736032,431.64616112183205
45.2082576215471,90.07018640112585,46,7,1.48414554304067,416.1016181225765
48.14341023336183,42.17209268734554,46,4,0.6431627583237325,301.99802875442657
38.93665025993972,27.682779723505156,48,4,0.4325439898064316,245.4583214311344
38.037933759193294,59.23503285933622,64,4,0.44800676888607593,341.18600901321906
58.125258223941984,91.2363345616691,54,3,1.9119913963530646,485.96700357594347
63.56240028570823,21.066218900566657,53,4,0.80692962642024,277.58227810619394
49.27989878419666,62.296658356348274,58,2,1.2653797047991062,368.7721612769823
60.03532897892024,63.156022009252055,44,7,2.273400304868465,347.68606826568396
53.61636025047634,73.3113022415281,54,6,2.320155309588841,388.4864757888599
43.54880245394876,13.15676851272598,46,7,0.3982547468593614,185.48614356997905
53.61395605508414,71.58249646820886,52,5,3.046000054936333,405.0747713343931
65.38036566465969,90.9032520665641,53,4,0.025190515588470092,488.60148777449075
49.64173960890049,17.968310887024195,56,5,0.4729448480180167,230.02391995980486
65.64643655814007,23.754332492387764,46,4,2.2614321853164685,267.24312793981767
23.802548959102555,97.13950940416396,42,7,0.3210828940888243,398.19881263127814
58.21902504375224,18.097695270948975,55,5,0.3189408439305319,248.5437557708432
50.870470682381715,85.4385093369579,54,6,0.3604280997706276,437.6928070123251
47.009926495341325,49.227785644803475,48,5,0.9475579586229603,310.90279835761146
50.91760776535502,24.723107440317705,48,2,0.5768457318928008,230.26226636074344
30.124310853991073,87.07499012725114,57,4,1.297312659790339,402.89797642754286
47.80328112162488,44.53052550026655,56,4,2.252944267545875,310.97216041360036
53.57112571511746,51.48173539296902,43,6,1.1214696642858322,332.9854510684171
64.77894044741517,35.92333693997657,44,11,0.2287425970040285,289.5148303983572
44.81729781726352,59.29508514349274,47,6,2.698326168533293,337.0589045784543
41.91506397106812,16.352387258502276,50,8,0.30719504945322845,209.5156896808591
44.982429564154636,39.10815366517607,55,5,0.16239457879218336,285.80584833575926
59.15402117702074,96.94123223352875,52,3,0.09427472282204202,468.08376020091526
53.287511096596845,25.813343270112753,50,5,0.8287005947584452,266.61574220946807
44.70239796232961,65.67366645412922,52,1,0.120770263272078,371.3972076073129
55.13267433113356,32.51900642246949,49,8,0.14940051122797054,279.6101017299224
50.9707754934804,77.34731256866006,51,6,0.3567184885946395,407.8867927018324
59.68644990532889,13.087366071834982,45,4,0.33080255325293556,206.32074903064643
42.979469061226474,96.98210450785447,44,7,0.9269460747785855,447.15181800491706
46.723378534022316,45.37895413836392,46,1,1.6968781785072231,312.9475799164202
46.078918468678424,23.605046334646396,48,7,1.432755794939995,220.33552073707727
35.364850518678814,7.349674733001265,46,3,0.3044681126397675,173.72891179907722
52.96120277064576,16.975790508754073,51,9,0.28144886993246293,240.16435503100732
52.610552721798896,51.977394855601766,54,4,3.3752820078846755,328.7213367769027
50.05113456642461,33.70031764312863,49,2,0.008270346824797074,269.76178606870616
47.65412866624853,82.88833658826094,54,4,2.1179373526991636,409.0188906661832
35.84629257949586,43.08875236618059,46,6,0.22280425778377633,266.3074589002446
45.79354677234641,24.871427258762992,49,2,2.9428423930941494,243.18455094528338
46.572854834732304,61.714498660403,52,1,0.4190174549525635,342.5845243404709
41.97722730778381,70.67772168854458,58,7,0.5804468602994356,383.34564743244835
48.387142883339905,16.704190790094987,48,7,1.2279944064041923,221.77811577174973
54.040508568145384,16.761921628831765,55,6,0.8859289789606453,244.4015685849734
68.8618590121053,3.667142693354297,54,8,0.38263666572116534,230.27017182512975
51.74577812831839,73.64020150656405,58,7,0.8070572864030396,395.62725401251987
52.57550390722764,66.38045276218051,50,5,1.3119548434084878,375.57762591549636
49.25554084233833,47.46308757498139,49,6,0.04325719252461166,314.9238655127613
30.812287847009586,84.41704489691972,46,6,0.011262489665389718,395.48596660816935
49.73486124550783,80.56701529500532,49,7,0.6126127889942389,411.19542667090684
50.60230209941027,58.535436439675216,59,6,0.14137535369755241,366.566326460604
74.63242112485287,86.82712805132586,60,3,1.0916693213376045,488.9259582672313
48.076390352188774,20.584121003676824,55,3,0.24086522698286592,227.35620335374932
53.015473423336125,11.191961939772789,48,1,0.5671334114833024,198.27611276868674
49.65288230294757,26.974961151698963,54,5,0.22023645211765155,254.5279653198835
38.31321962380468,5.708685608931486,51,3,0.7951435518559645,189.3730076044724
61.42822814515021,53.1169528001032,57,9,0.12335869259007803,359.1865520962115
57.519330326867745,93.66056922949615,48,8,0.023378001177898747,467.66663188164443
57.910319470430466,3.9343540668509647,48,4,0.052485202434867914,203.19468072712377
40.906125452052606,12.21099140100268,48,2,3.0847480182812537,178.52993401675167
64.02794310936099,45.21990282834353,47,3,0.15348482327170415,328.36452619763116
35.98148937207719,93.38750175279048,54,2,1.2326406726701107,438.36963539185103
55.868570938002705,31.61561049767505,53,4,0.07034328741269129,288.3672475107248
71.90455625809979,50.723480868839246,56,4,0.11446892964196652,358.03960885592494
40.09463674869312,4.15728590503921,48,5,0.7110591491532541,168.1052347520764
44.33702270397228,14.834320096208886,48,8,0.6252473091347704,195.66710178813338
50.99651365087641,98.66301229588468,47,6,3.0278487182375775,460.2338922264782
44.96524345883801,96.51186964360456,56,3,2.897434796907953,466.0147527781258
34.493365689338674,0.49399809344096157,49,5,1.5123504154598182,156.69808490383815
50.68562974806027,95.18117854232389,46,6,0.9215591610254003,450.9104488561486
39.37696286273895,63.91199378155004,60,3,0.6068966748466513,370.7804092255206
54.73592430635182,86.79182945200222,52,8,0.4403338185303973,429.4381092898918
40.80575765766197,45.47398556338591,50,8,2.9391165609324257,290.340905464603
65.4993440501754,51.55960285792502,48,5,0.9235893305262389,349.76694261484505
42.16746707663763,48.88465802569202,53,4,0.865294734929347,311.3089780979119
46.77938483794324,66.68642575461044,47,2,0.26383680642501284,360.1549729118668
58.135172173696695,13.96512547563129,58,6,0.04782334047348942,228.7551065846492
37.69135683566045,2.9973589872677953,55,5,2.9038567081916686,155.50069700511287
52.27459934604129,30.79299415911909,55,6,0.37649180565271667,259.99617037087404
63.07142754282428,70.46807627366466,49,7,0.5844524714917653,394.47807161715536
33.92516765438772,20.185345212294838,51,3,0.12176087330656478,208.20961469441042
51.84633858532304,67.34324333249174,43,9,1.813540952213169,363.2120358695491
52.598827942484235,96.99120461072704,59,2,0.028020773456034896,485.9799138184305
57.8182287177731,9.39007157894184,55,0,1.7957118421685552,244.46244698832243
37.63049289121918,67.26021182251263,52,6,0.1511543548816524,349.08190331785363
36.795433869157236,44.375021930457116,47,4,2.1765174706562105,281.5587728615082
55.21941565616898,86.81422543775054,52,6,1.308491590397369,446.16286274760205
52.96984673233186,17.71497894473859,52,4,0.1799287368810383,262.7114756261945
52.504928503458764,69.26259522261645,52,5,0.8342914615017466,358.121173747293
53.46448209496975,83.81152896481102,53,2,0.37492084162791905,429.6869283246513
43.19975278421509,94.46142194740233,44,5,0.19629849945926858,439.824011152952
52.322536971610035,68.32480282896458,45,4,1.9602884186121017,367.5904284758344
52.93072473298681,49.71747640084273,49,3,0.516714204991028,332.67459424160165
42.85648581973632,61.78472402012139,56,5,0.5084014217950727,351.96635177086995
68.65774511144757,86.89049844787182,46,3,0.18619305113417003,474.136473946627
54.73832920911788,57.060974663882966,49,3,0.48299270496564184,341.33835410560806
38.08696502797351,3.038705969683686,57,4,2.052736098272089,170.51847107116163
56.5655360863383,93.09486955069778,44,8,0.4511877011098697,459.0758631249037
40.253183297726785,68.95267510315611,58,5,3.028329073336081,373.18228348703525
57.87084603742452,67.65133857772466,59,4,2.9245080120271134,406.68983265723193
61.58595579007404,21.567515239771716,46,4,0.15653528994325053,266.8987663572588
41.7931768164829,65.88854702326572,53,4,0.19517734366906445,341.95293723771397
59.63376129244322,39.386440565415846,46,4,1.9853981299375854,305.67651618905086
54.12780926936498,65.12329770414921,59,7,0.49883269219970966,376.5340303223848
58.2206015999449,10.659303030799073,54,8,0.004383576129278681,232.99522166155012
68.96792982653947,65.7845304603036,49,7,0.3200287228620182,396.9101152102926
47.54611883997129,99.94137257706666,43,3,0.910380713477174,433.1918988301991
42.4626383564251,4.821203886055603,47,6,1.6057744608745712,174.7035625134915
41.10485570374477,97.71741842213173,49,6,0.1431646346290362,443.178253734295
41.841897150345616,40.690796072287064,53,4,0.11714227595556127,286.8224786785684
49.228982905858956,87.07534503372591,58,6,2.5522350246768783,457.9540899398862
53.41151974816644,78.23854840582734,50,9,1.3908984148185635,415.75269557313726
52.766907993300194,56.70162609866678,50,6,0.8910607046390486,349.3329751216902
58.27183249036024,73.84492092513266,51,4,1.4661465102665447,412.1057239638242
50.13001891877907,87.8515561301348,47,6,0.5601110428405072,419.84164139047243
64.53534077157317,40.4140321651033,56,7,1.4207025817200853,328.66029945750233
47.35343166762044,32.70331615632387,46,4,0.4649014535484879,279.55579758863837
77.20169166589619,66.75933855635847,46,3,0.2798390065174331,418.42920669952883
56.25667347765006,80.78459419412586,48,4,1.3056859843951476,423.3069929434451
41.42842443583717,76.22851347766158,54,5,0.5441623214797613,402.61323822571256
39.29107501938888,79.78136488586345,49,3,3.9833635050564524,374.5133580873485
54.824724152431855,43.5583314812933,38,5,0.4299912023621889,301.025683258313
47.76537214674149,81.78342161750216,60,3,2.5475579356724753,413.492209947939
57.14000494092092,12.020905537060845,53,5,2.702503839149649,231.33461366183897
54.73237624573545,54.448909796084955,52,5,0.27687791092172714,348.08738739574375
49.271710873431275,0.575866049812157,55,5,1.6005831398422892,186.39502150427919
41.532062819315954,32.45858299002703,43,6,0.5675273862598,231.8151309071691
34.851527753141355,36.646153487139784,47,6,2.4952567545719373,241.79118512078634
45.53485047932979,39.61726916092554,49,6,0.5980629765321118,287.06203797449206
58.56398794323472,69.54672066898621,53,5,1.3637649346763434,397.66981272841
52.14093744130204,38.85581012703457,43,7,0.6291727106514847,289.40445786899284
37.542612212880115,44.86936226225306,44,3,0.25851267380160736,276.285009319407
51.73180925851182,23.754413087432745,50,5,0.22233154226366902,242.76934020002025
53.85317379728837,37.325179162934006,45,7,0.5541354225572458,280.528343303072
41.16142563798867,22.726962726315147,45,2,1.4085181176033796,217.03878777160895
51.53725105945528,7.319592376844364,58,8,0.9290505056001739,205.83145810902963
50.58208718446,60.34485933813779,46,4,1.1667710827746465,356.5012499206629
38.57029702169377,66.82127985550163,46,2,0.33174034074465447,341.89164031465157
53.577873603482836,61.94903460096145,44,5,0.6566905646939797,350.7725417477278
55.60784526368234,46.34940438005724,53,5,0.04541090850856764,336.366420482865
60.830512431752766,37.978578017922985,54,4,1.7011827434245235,310.3754672765466
60.53802052034903,86.33336495718252,49,6,4.594444140225549,445.1724197095955
36.22330632042909,51.908178513621806,55,8,0.5223569591666646,281.8145101660129
40.62174960084877,47.9181877629731,50,4,0.011024196903834691,287.6030288045775
55.1503526720866,2.5642065806435688,57,3,0.18607977752794883,193.6070502994718
55.13785950912209,34.12478276261564,49,6,1.0570679630130206,277.7487613810114
55.150476863060476,38.019561878585705,54,4,0.9469543886176509,296.13824719558943
88.52731490654722,39.88227808969005,47,2,1.5505310926565061,376.0319655689541
55.70890510693167,58.017236922733225,52,3,0.2928742095789071,354.2180445375522
61.35565640180599,53.360254672687844,50,1,1.4423650091089582,350.28581311928974
59.54001763493203,60.79050927934446,50,9,1.164700879418838,373.50810507889474
56.51391251305798,76.48832615421283,54,5,0.3898100372716378,409.9759846894677
46.84730755359654,81.29857387160935,49,3,0.7885312888222277,425.23025827048895
57.589692204932675,71.81230762264944,48,4,0.1593167777428315,408.6378751894418
42.27174785462428,95.55236959549347,51,3,0.6025106387263687,434.5197349746505
47.63181393259991,1.823258267636163,48,4,2.130291477991555,180.87007352677668
45.14636452170897,19.57779856835461,40,6,0.5467833911522116,218.2432061436813
50.81874139386323,0.756287497814212,61,4,1.8298770394739086,181.98519791198294
73.14658566673509,64.7474714154603,56,2,0.8922162743503002,411.8839194222628
31.32734807408252,89.8030548949987,57,6,0.2130406493064993,408.4597293741798
56.86260190374514,24.34822965762993,58,3,0.8701379585117043,258.11784158293096
33.87284128810349,92.70345447963066,56,6,0.7051860157179992,419.05316067087125
45.280681342105666,6.026739028956085,47,2,0.5085637424100273,174.14033392389217
60.889505969673664,93.44360268055144,47,8,0.12741350457097103,473.6513435947665
50.64280019095463,35.16226872396344,46,3,0.5390684984911431,275.08466158530206
39.22255222070694,10.142082844921651,45,6,0.07554540995373883,171.89113791083187
42.84696290740032,48.58717591863256,50,4,0.10399372946771224,299.6237206214492
56.79597748934676,25.677656772050796,48,5,0.5377113833060198,247.04536779521214
42.69633368282864,28.487290196192284,49,6,0.36439247903396105,247.271715222054
52.16458589581975,30.728996492628657,51,1,2.597551308682704,278.20990283776257
50.45571839903814,80.30258978326634,46,5,0.4711335559810138,402.1507202379582
43.483996523941826,53.91612766752545,53,7,1.4182314521866524,313.70482463921576
71.43944089325325,31.130769915600364,53,6,0.7555493748508947,328.33223590857847
56.33919022318011,61.03337833109184,45,6,1.217685287637414,362.74581995050505
29.74857413342393,71.61506742231936,52,7,0.30126183887254143,352.81203344705636
51.86454314769428,27.262400073353376,48,4,2.8456752098085465,259.9177651224462
43.38213535231612,41.354910152535155,60,3,0.7552108933143515,287.30416417642476
58.52433334796224,12.188609333694755,50,8,1.7797759865419034,239.6072605371774
42.07479261567299,18.11493495346803,54,4,0.454202240908663,213.45941076230775
48.85263558533101,68.11178539649828,53,5,0.10559537551360383,387.2610473994463
55.049872789804574,18.143834769562694,50,5,1.1199737723756429,251.615576922565
58.657551941701215,52.516338366706016,47,3,0.007789911062306754,344.67787930370247
37.997035929442234,70.90462617224327,45,9,0.6449152227596718,339.8931662882631
46.654987641590516,10.687692309474384,49,8,0.2141861670645189,169.93834707674682
45.25054688839044,56.73122196289035,55,6,0.9871840807194362,339.8106015724326
43.46670767426288,25.656278370136377,55,3,3.883429384253745,247.40369493626042
67.65454240281096,96.29268752375798,50,5,0.6243730914693228,490.87939604003964
54.049817109609556,48.35456467199247,53,5,1.7009955527212048,331.52018276976565
37.391160456649544,80.59925497751581,48,5,0.7088380142578731,390.38353422755705
59.17861947054776,55.022654215626176,43,3,0.6848616626679224,356.36447949592036
71.22156197012633,4.341253285481916,55,7,2.6653283142952215,232.18122988543632
60.32465260551147,63.31513755940223,42,3,2.206964677196806,371.641301154629
34.80630034045987,95.14033422066571,49,0,1.5408472927167591,426.7476000485813
45.15765927133749,60.16118201463312,54,6,0.3513402747897667,349.13481091984283
62.669111491866225,81.91888594267903,45,6,0.7874763562988142,430.4630370025309
42.92330534381219,88.42064633484078,49,4,0.25347033626006277,417.4288958472019
54.43819428146229,22.807977194893247,58,5,0.5868371722966953,257.25009175488134
57.74634053429337,21.204483990822666,47,9,0.6620615169138732,246.6687954572497
40.730695284219166,61.09809888509917,50,5,1.7816509736716875,328.78254694522445
49.404746439382,41.10284698067047,50,4,2.2636371605515886,290.6080944895113
17.58732659930927,83.98613028667204,48,3,0.5354941765731175,375.7189437298487
39.756123586657104,90.00231233980112,46,6,0.017863043480275367,424.4831775977614
47.4743184860684,35.34213793027181,45,2,1.9788640931551293,257.9042399902861
37.52216818035151,23.687055897448207,51,6,0.19149794556122643,228.25223335898332
66.32411303931636,78.05255152438619,53,6,0.9725488672668386,449.57980139262816
35.69858622039367,27.48060355481361,53,6,0.025287962721080783,229.2997879904398
45.599555133030165,82.26143185136785,46,5,0.5100034206352483,397.40367635009983
51.30740577286091,42.37382536487628,54,3,4.265866398803299,301.0211465154983
64.41273289066116,66.75498992914704,53,4,0.10613148066810384,408.82883729659585
35.6413784882056,9.553531383466819,53,4,0.5511150379095118,168.98101450484657
61.63163752154959,62.3859324676573,47,5,0.36694168154588375,389.3932857427893
50.10233061019587,45.17676787372291,51,4,2.3548064324955864,324.0430307261106
40.18491348952049,58.66084631754741,59,4,2.0351575754336055,342.4243209560023
54.62103474263271,16.801420774486342,60,5,0.27141347373477615,258.5341399279457
51.9905969557347,73.68737449441821,49,5,0.08467351597259161,391.9278279116965
43.99783122841205,86.27970775432286,44,5,0.9865479578413247,403.19126788695144
50.69802084990019,21.673980009077564,49,7,0.41002857271721777,247.42073352848547
46.1468640313824,9.571455552016172,52,3,1.1149989921354597,213.30676427486839
51.13517345251248,2.3638586046336396,53,2,0.03264691430497454,207.49350258884806
56.62130674521047,64.1971500443266,57,4,0.14317688712131638,392.66061433817185
65.86016816145352,60.70940360887808,58,4,1.1595484509710434,407.46965110143753
37.62184501173151,54.669741271407005,51,6,0.23872767453452576,315.8590861223455
71.33033374656267,23.194709611597542,47,3,1.949028737136855,295.2785828949039
30.479122004774982,39.09059959055147,52,5,0.06037747055284359,258.06288411559694
48.482149049644164,59.4476335186173,50,5,0.24268574057892559,355.8580365417606
55.883172064845766,49.67668588591694,50,5,6.5432847393597,321.94221723541375
52.809918677350325,98.77855202148874,54,5,0.567530203992452,478.1438656654901
43.77300480179406,13.643975255673313,54,3,1.2139075359010734,216.1142968570304
47.918777496427246,69.51445540475937,48,10,0.20170384424629054,378.62064864782633
45.06999065341167,40.431876810429216,62,5,0.941272019527604,310.9246438368021
44.106352430557884,42.819961492561475,52,4,1.295014358378103,293.87913581070904
58.496020970210246,71.75977656581762,59,4,0.37757269721487435,412.2511516065206
53.57015485965047,69.24361513243696,49,7,1.7654902190673394,384.2816897814223
43.070904047393455,99.12559937021884,46,3,0.9248713868043069,451.4889498455285
58.995998754332504,12.839428945412523,41,6,0.49285966514466906,217.42769243022832
53.072995208766095,10.410964938416633,53,2,0.8156366591864822,206.20023096393123
58.1286211883896,72.43388171287411,47,4,0.8598178872067674,399.4002216585286
56.29628841923612,57.83869170064091,47,4,0.18096482879838605,353.7219758454537
41.710049890779274,27.416066655980586,53,4,0.5153899743621062,220.74608316206002
44.39818959803031,7.9419368988986605,53,8,0.4207268604696156,196.44723770649426
57.472936051232615,8.565824959643054,44,5,0.5123312943511334,205.7835065478005
56.10370265433465,89.41908746641182,51,8,1.4317545474629114,455.61785641238697
49.79098406035852,19.18673247187429,46,5,0.6588199739237587,218.4872024260571
51.17327383308782,32.33715621155208,52,7,2.8186938687172156,279.72052005613443
62.77664895788425,22.6656402226988,50,8,0.34768180847446883,256.2309603445305
44.0842861116417,35.49963058319373,54,3,0.5373468534948004,267.41932153055325
55.470973811700375,6.942384274609337,55,4,1.5462603661232734,218.55240090464673
47.97807347566106,51.90597909082704,46,6,0.7897122527180759,321.24570158524375
47.8231879677278,6.76125635922149,54,4,0.7919252888167637,182.15414236143712
60.9877685198719,80.03565078223616,52,4,0.05481545096311449,453.85619808733264
58.2541634898803,23.3712081910433,44,6,0.5084944476005557,242.03697501715902
58.135096360006386,54.00119146045106,40,2,0.31571636321088825,335.94783155515256
63.05478807154329,88.00790875614582,45,4,7.315908242813281,473.1011762775436
50.21003841632759,65.08773690471942,48,2,0.3686825628995074,346.0854718547126
56.81952971294964,53.29577865513353,55,8,2.1584547476856017,334.9637871916035
46.89733243406544,32.43337531153756,52,7,1.1277334279731264,270.0141276736287
53.24166352488442,33.300191305819794,50,2,0.41690490759522497,255.59853380869004
48.698569456323156,66.94869551981901,50,5,0.7842418903790573,350.30829044725215
50.96995964992718,99.41393612211675,58,6,1.8359363347224045,495.933305929146
55.95157025436914,66.18391898493786,56,7,2.1487341554928463,386.86616377951094
41.81779316766527,55.77834173700249,55,7,0.17482239592904458,351.9315071393061
70.9238727568546,73.06505102392461,58,7,0.41486889727283116,434.1952008049474
39.93982618500298,46.52056122837182,50,6,0.40830390399941896,288.25651806641656
37.85811387212268,6.0142342600785215,57,5,0.04295426210032609,182.16523778626677
61.581108735000676,56.22968158779098,42,5,0.9118948077518294,357.06654707512666
57.91662693962936,95.76252845053801,50,8,1.9297812921357584,471.5718430759843
56.24119817052155,17.530294235765965,44,7,0.4805783657255659,221.08867893891681
56.2834550926428,69.00048908206658,53,4,1.3472119074631554,399.3820006748983
49.87753227153085,20.093368865905646,50,5,0.9880564090381144,246.30403000253713
41.02745628514168,53.582768447308126,50,8,0.47104214510550496,321.4313048079407
50.75804558193726,9.667644964671961,46,5,0.1520559746624588,190.69434189478906
43.22838288487888,45.037093625818514,51,2,1.235545527676734,287.15032018641995
59.75119733417751,75.61633288952461,56,3,1.9280271892095606,421.9235034598293
48.52942618497861,34.757152423898205,53,7,1.157899000415254,264.5928807879937
41.745028032074885,66.4911724487218,52,3,0.018040234937848267,360.9376682335876
46.78614158347007,79.54499607897291,48,8,0.24364336193472766,408.3451331912017
54.12931454275624,92.71778194794527,43,1,0.07201169306511056,449.6985749443443
44.36275447196025,23.464208185545353,46,5,0.844868379644809,242.81580142985172
41.77779604433569,39.931591580930814,47,3,1.4125466726542275,290.1045125830107
52.436872114919126,15.241601333041743,52,5,0.1171848000872121,229.17590091724767
52.44966571108723,99.24835021583752,41,5,1.8222464333457191,468.66375947445385
44.9305682462887,92.70009679242953,40,2,0.8108254230971567,417.95684709017155
45.289616943816775,53.99571302805596,49,7,1.171083025665551,318.95830803340965
52.32049937357636,84.20332943764213,53,2,3.5544131999113207,448.4736908377446
35.51915658502676,52.09579772720422,54,4,0.0873907088334362,300.5329801787817
35.92536225623445,62.35856880027597,50,5,2.314900851341947,346.30022898346135
42.81555778747564,8.912443211601662,53,4,0.13479241136015907,200.9940862305046
47.86552848288153,75.52704204968079,56,4,0.49915862636479585,411.828422725269
53.10907565598005,12.771348363523483,60,5,1.906757586606739,220.30524750593412
64.75356216949552,82.60676302525283,54,4,2.3671688070233943,453.20754857404637
58.576596232020194,78.20280876703859,48,4,0.7059724205682403,428.20370715359746
48.40061470036573,70.87446977429764,49,5,0.9016598823408486,370.56715797860403
49.80983792097311,3.6160380524762115,49,7,1.2315061745954117,178.5670175272089
39.97470635362191,30.31283559453286,55,6,1.7883174106306716,257.9092289821188
49.8148686400761,26.311256991084285,46,6,0.12955208576440275,238.8817859741821
47.11341361079862,36.01364074715191,53,8,1.661096053523945,269.30320455036644
53.227185603380896,8.764274676383854,48,5,0.6563836193326906,184.23945064803155
41.727690564476774,93.69578230310628,43,2,0.5989711438495012,424.17638606112934
55.193465142411725,55.38022407123763,50,4,0.5514735917578625,357.25941762663774
65.32738913002578,30.552431065802356,45,6,0.7117421712447666,278.08303470419366
48.91239851543143,39.698151707428345,48,3,2.9013416690586236,287.597973217825
54.01711722098941,44.72025405048357,50,3,0.7945240255633386,313.45290387548886
56.90143991711113,60.05943333606173,50,5,3.0613922395561617,359.81494428272697
45.987795281141636,51.567942769649775,41,5,0.19880481915608486,314.05647486499146
52.24092481810417,91.93919732144174,54,6,1.2878472115999733,474.7221644121925
50.12592400781795,49.696348290583025,57,2,1.6725882700965595,343.884272323802
50.97676098548832,99.21580148233127,47,6,1.1367155801343796,460.14156239346335
42.26990216144534,85.14249577450957,50,4,0.9337479264270432,432.89094828487885
50.245101742589426,20.85105143573358,54,3,0.831978952176308,252.55738689468023
54.979982912454496,93.05952146439162,55,4,1.9727813455393148,465.0649595284409
64.51143607795042,11.636639788547608,40,2,1.7239882878218225,215.17952770042453
59.59270826085207,81.74497084911916,54,6,0.13043757904006117,453.6307217075108
71.53182457511556,38.06232934765801,52,8,1.8877484157461895,332.98832921277784
42.326524371119504,87.79743204450695,49,5,0.534552594282866,410.5376963888826
58.723206367206785,86.80566901074504,59,6,0.29262336722660326,461.88232997192983
51.83342005738352,80.59254001176211,52,5,2.0384421652396347,416.87249197123975
71.89802933217672,79.00304363070614,46,5,0.5656775225411791,439.0645983695915
41.91701714644849,30.46791390980408,47,6,1.6521611411595087,252.8836385549239
41.602781578192236,8.091928305125219,64,4,0.3057151785344361,209.29858995490326
44.00607354555978,40.29801787651615,54,4,0.003937061487760601,296.2916154962606
28.76104275690193,17.35245149865087,47,5,0.6841065562414392,185.8261439429516
44.74244978319239,69.49510889024617,58,5,0.10561416631652851,373.30988879004735
42.40867338446302,34.609972653778556,44,4,1.4039531865439274,246.61039201229175
51.50393786476208,97.56102008599149,60,4,0.32306767108323975,498.27751121687527
53.41755975777159,64.0972077345332,43,7,0.5863498614849453,361.20686394353277
68.76170839215887,82.24805636343609,48,5,0.09105616258054731,439.0628789375829
59.5042383818605,13.252467274184843,47,4,0.33779606031541237,229.435321862233
44.23096344337597,86.20144822726226,56,3,1.5209246121645734,436.11418418522004
41.01585328651642,92.27571905133944,47,9,0.16438880828174984,430.0992781007532
54.919191715065054,48.70619188189359,46,6,1.041739338762159,312.5782630441945
36.797667929793576,60.625293775097745,41,6,2.494058635394111,332.8384327774559
68.31458765854353,76.48098009029954,41,4,1.138924287501152,410.5661697168981
61.79440120721287,17.483862726041256,47,7,1.6661230286676465,244.14935489418363
45.30824347895295,50.25660764634424,49,6,0.11537901060850808,329.2518384245995
32.868654709091224,39.86630277723131,58,6,0.2886583168260284,275.2527885892308
63.538723741654124,14.63739921622491,56,2,2.2494126615765393,262.3518408224965
48.85460154747382,36.753442229153144,48,6,1.2556367414915943,266.43788829070576
62.378163119734616,6.817230938549357,50,4,1.0204126437443137,221.678483631086
34.05572341205633,2.5811906949486985,50,7,1.0899501221574373,146.9889922820093
44.00624977046227,13.516628915482276,54,8,0.5347777908242596,194.26194459572773
50.05243699718183,96.31151115891738,52,6,0.04557978615055011,472.6901223658655
50.46980593764742,54.952953589501696,48,3,1.5345231397313006,328.1036052572932
45.49934528520756,96.582216115322,54,4,1.1354212095238776,452.73609259469583
56.228499323474985,43.2497878330132,53,5,0.6401837634183178,323.532155366838
39.32379570617405,31.181613308525957,52,3,2.3001841312933204,247.25997688147584
48.576205149787064,50.61418628402441,51,5,0.4097136177355875,324.6878493882075
51.20295631711899,43.95116886329101,47,8,0.3485958737374859,298.7144226364127
55.14438834058749,10.566468426174392,50,8,2.0619657376085656,227.11879039473857
57.1161487808889,64.08263146902063,36,5,1.5944884877943004,348.7298854964535
38.75357908162131,21.60381825095996,47,5,0.7235647613818693,205.67052511406237
34.65885829264378,61.95879548978296,51,8,0.14010695226075282,332.5058186304287
62.77676821898509,65.02010923981534,56,5,0.24216261179700457,392.23468582100605
53.323140119795916,15.20248531286481,47,4,1.0677766041494012,210.43150235422752
42.51513463443446,6.134962711066816,51,3,0.4862000668228422,179.81259634210073
65.51151975522524,78.07615860684398,48,7,1.8107783367399353,442.42504912017114
51.156746342928585,45.98004237693202,49,4,2.994832864787426,321.73239797459576
61.792971840638266,5.816379550547579,48,4,1.6380273498274287,211.95248109279208
50.67518481410109,99.48663171697672,51,5,0.4740846219731788,467.0889381941591
70.60747924881987,5.778056099636664,50,3,1.5544121312990637,234.80575877289232
67.55340842443204,69.50352288585532,49,5,0.4330033385926238,420.2787685935537
47.51035851520926,98.36789252634136,55,4,0.18284179741440273,473.2430012023453
59.71570950954356,23.918010421592562,51,6,0.03396348966192716,277.0271488717786
56.45375949585147,14.224936868719617,50,5,0.4872990773699135,217.94071694531212
63.68631557532349,12.138493942242889,51,5,2.3388270056338656,230.81835280094003
40.35076539419896,30.327514756759555,48,2,0.2731042967759928,253.63756700266381
56.86051459998439,10.10458110106467,51,5,0.2313183301171158,203.30457419801016
60.58424486849588,69.2161341694132,53,3,3.5006018445707285,401.4230349744164
32.41260513576886,6.229179813006269,57,3,0.025322026301486573,160.19734676329293
38.16741487334225,50.94221281497897,47,5,1.540761792945287,281.5194191781518
29.607678222398995,99.66968538529768,50,4,0.38767915372593414,429.3529245542819
47.305931655554424,81.39702695060188,56,3,0.038208700555265394,428.76588276179905
57.17542255795962,61.52194382310109,56,4,2.498630880190492,382.4799557404335
65.02357052096028,30.625362078661166,47,2,0.15040708108984607,299.4192651309248
50.74094780419775,62.389583629163845,52,6,0.8024694976341517,375.5702061723168
66.28615545571292,52.70414639116516,43,7,0.3202799328258964,347.8284324754662
36.198985417851084,42.60833838903715,54,3,0.0674149765018607,306.1914462327009
32.96617560644845,13.071037674019948,42,5,0.05121170367761471,162.19130999431843
49.44452301103381,88.66042152404667,48,4,0.12279687013491511,432.74500033577067
53.840654489393074,44.97846488213225,54,6,0.0740416816164743,313.54049825649514
49.67305251905907,19.462251182076507,47,6,1.4294445451041597,230.68675339359442
29.325578999601234,36.77593508772896,55,2,0.6646884050355728,247.57392907261962
49.10879960487212,41.4129752528927,43,2,0.4199070294620804,285.16760274927236
36.95530499495147,82.75378955668742,55,5,0.5419188984350141,400.1198485977056
56.69672548830039,73.3614380561402,57,2,2.6443254800000955,415.69871967275265
53.66598246096848,76.93048936413398,49,7,2.416334169320221,409.70629330832463
40.60120213672645,1.1031264428647214,52,4,1.257642534667118,156.00954807168074
44.861330826633065,41.615399817976154,51,5,2.1600650222906244,284.5359052880237
39.40786478111048,48.13441516353236,46,7,0.385145008235229,299.44748995902796
49.37320902726828,1.9192276823056686,58,5,0.4798266390339595,186.06887646263945
59.551423205012384,25.98132087450342,47,7,0.9511725445061417,267.8823330706063
40.14273953664456,76.0289823122135,54,1,0.9771718090808205,379.97750860504516
55.040465155178445,13.710970572899905,53,3,0.6572007412500422,224.76694175752786
44.69742381627559,53.531013145259166,48,4,0.5119226393308486,307.6622814434218
42.07127167737656,21.52018720172375,50,9,4.28166100855927,237.74743929354264
48.929696400454425,1.2120774643893273,56,4,1.721060360451437,197.25022197075737
39.64757677580626,24.12014575995415,54,5,0.5708945004641017,236.11018076426183
44.46350694652818,97.58737549100537,55,6,1.2993554032975498,482.70016756897076
38.021221074111516,80.15371118829896,61,6,0.3141105048176806,412.70643622695115
69.6472513291639,95.95766443210334,51,3,0.10554867362212575,500.4477385181496
50.35263551971729,48.785404392636245,57,3,0.4345299668388769,334.78668088826004
43.00274492007414,10.973619867750351,55,5,0.5157926056950647,212.53421299819075
52.13979910734222,54.79594889736929,56,7,0.016675389258123566,340.36428315671264
48.8767195030917,45.43773345599609,63,6,1.6862757699914759,313.838461501506
47.79030400466777,84.4357082739616,49,6,0.44502758738395737,423.4485244975197
56.14166700043425,9.808258078424458,59,4,0.8684966964861741,222.3396109006545
57.57507710047305,48.82411370217782,54,7,0.07684129055914733,316.5234816328948
44.69498852389472,15.004866469398426,47,4,0.1923680487161579,190.47524298687907
44.2418175935532,32.467592689006,44,8,2.2044944670112376,244.77216976058895
47.24948302848356,73.73570773877996,56,5,0.9382488767311724,397.687976820786
26.98078835264415,47.601812936876655,56,5,3.0014294752410167,279.04670650975123
34.84808937801448,37.58882851457693,49,4,6.684639241099964,274.0146277021142
63.66874267444525,39.44762785700353,64,5,0.46499239103332723,337.1041163528901
66.44967713501283,45.94467684059866,49,2,0.35496649571539035,346.0146396871827
47.50963960443622,78.50165438370568,50,3,1.9544388009479086,387.7653220862445
55.765569630557664,89.20846889402344,48,7,6.579478704851661,447.34519056003285
53.112501545435364,95.53346865039283,45,5,0.9932831059287889,461.1673984737669
80.78880808455239,78.6903386255295,54,6,1.5854319868350022,461.89603723588135
61.195749114345766,31.540689574801274,51,7,1.5220951099419784,280.6736473567258
48.72082408519233,68.81347060865421,54,2,0.43903178034083346,388.773746334716
40.44459559399574,43.760312405539196,48,7,0.8539508296563558,275.20686576148995
33.93553679742428,25.467062204605117,50,5,1.7901024903613607,215.74684249356417
52.03463635867223,84.08715794259226,50,5,1.165117145813196,434.238521734711
42.436492547156966,3.8426348962324997,53,7,0.021390978319746616,192.7696115009696
35.77746290402326,90.17619921354235,51,6,0.4105364489933047,413.3656714378896
43.534271157574736,46.147746462473414,51,5,0.15604077763096372,317.20376249134415
39.18451996385605,63.72014768082804,46,0,0.26523224890744446,318.9417463572403
66.87141635072564,65.93539222057827,45,7,2.359044101383172,397.03263795000595
58.816397569494505,89.51177407065364,43,5,0.037591062223178685,444.82722527999766
49.92027358683383,63.66696821672073,48,5,0.24820589444771035,355.0168619831459
64.79944138890026,61.39335847600618,52,6,0.3704397488862365,395.35963396138766
50.77368307647618,6.665204056068996,50,8,0.959417651440251,190.39677166730715
41.38715798671736,51.84080219452041,55,4,0.7637878877381173,298.5471892080638
65.23124077269657,15.016900081704165,43,6,0.24624520505693595,221.1294893079998
55.38910043684659,73.74337687214856,56,4,0.17941506540300878,421.2286010737033
39.62753845673544,51.22219208126745,47,1,0.2702325836366471,286.5493740880326
48.09661321916392,68.02277792083532,44,3,0.6982192753158369,372.2497720126416
41.24381746615243,4.167290060238427,53,4,0.3163254528631577,173.7372399921317
36.172002690356635,8.479201604580322,45,5,2.9488964294001447,161.07876487619623
59.26177547531641,71.63233880626822,45,4,0.6233696969621106,398.10582563745476
69.0941664047013,7.208433599867337,48,5,0.06059538982237062,234.46121381080542
36.01432426180859,7.12567277652586,48,2,1.3066199889780505,152.63080711713036
55.62969236690571,1.210847523488745,47,2,0.3987555995993063,184.8148382442549
43.49357430878173,95.65013982994802,55,5,1.0598405187504778,442.54254016659485
45.12874616235304,73.75083594590069,50,5,0.327940851334455,385.6464479224368
44.07606075761131,35.32514085020642,49,5,0.8457011997728474,271.59231192782534
41.36009230320184,29.65355812876552,50,6,1.4790787545627118,245.34031762082338
50.48521627944827,34.97032297458495,50,4,2.6312105808727733,284.9674231219573
41.69049883588962,77.46535311811819,54,9,0.30262942213662425,385.27690867520096
52.704568257798385,66.13706110704143,56,7,0.4077531501796693,383.6985192935153
49.49761890550863,18.519556786746794,53,2,0.6241182942552892,230.6741500400087
47.6105195313359,17.410933533408436,58,3,2.6196937480030256,229.91944579152718
40.92436337958402,9.839564971339732,50,4,2.3165507281905873,176.36101002866835
44.23228669431667,66.03027197013381,57,6,0.09417693028489553,364.7371638047854
57.55391225825756,76.43726622217359,42,7,0.14148272168389311,392.79257723297087
55.009171876243805,26.5046428325004,65,4,0.684205630296722,268.090725631743
40.22444755201449,2.094496103091281,60,5,0.11274244272284616,167.22521680789524
50.99332305429226,8.217166747642734,45,5,0.4240072663528398,197.89774283932437
57.51387123371789,96.78600348450304,43,3,0.16062117633270767,470.7264128315017
33.305947188786284,29.544477747742025,47,3,1.0107122832383968,211.6792955783261
55.43360192379935,76.92231478381336,53,7,2.9856914861814783,413.57403466523493
43.37376241054153,62.46635688542638,57,3,5.724118954507035,365.07123889100546
55.70598668593159,38.19396396528959,50,8,0.4703895156853954,292.508951569861
42.367408434574834,20.56872621955551,52,8,0.9138253661736713,206.26333359652713
31.95117899335481,12.138641815940643,51,5,1.9398024139701333,196.89456889867495
33.72457562116837,61.50129680388666,55,5,0.12495351409690547,330.28345334746723
50.48084946661382,77.4633780637788,49,3,1.1697788421293767,393.7160441245739
52.59722501721482,64.39042535411306,52,3,0.5256747647903238,376.57836135497075
40.956833748955916,53.030213324915835,56,6,0.2308559156373658,321.14827414953197
56.38592458777374,4.195122343163627,46,5,0.5154255518108017,176.44243515589469
33.3847993773104,96.84887775943838,47,4,0.07900022878884587,426.7499206409676
49.33920201352684,79.87141916545745,46,6,1.1887793075729187,414.1300166373825
37.889838002375434,29.282203670096475,46,3,0.2913456668905772,228.79718494013787
43.48163892197841,97.99703293588506,41,12,0.3731029259691118,415.852391179445
50.47398671316414,60.18815896363221,46,1,0.12906287504134012,353.4316664231179
41.39586634716048,58.24226582072465,55,6,1.9999586009103798,343.0475306089764
46.154444557701744,74.8073179429532,58,1,0.6801209500564153,397.36672217598397
60.0629280921444,81.17697880901376,44,6,0.8489753146955942,420.86617659793785
44.23108130476851,65.64786073315027,47,1,0.8426515982210846,377.9843078115643
58.35692112065142,12.809574636620003,48,4,0.5284688789055648,218.5604231627418
38.702931453423815,33.82675059944984,42,3,0.2138492715537979,229.16730504185463
55.298041779152825,92.80836403260497,53,3,1.3670124517204125,467.2723164963807
64.41568620657901,22.461561184385193,61,5,0.13588417580109127,290.9644792240176
25.283554998727105,37.21670238375133,55,5,0.10967401686308544,247.54155443581135
42.03104744529523,43.2076882944196,51,5,1.2383746107512772,263.0044822307923
55.7707212718054,43.940498969445215,64,9,0.2342512900261487,328.25562439305673
47.96954613957007,61.29395824945255,49,3,0.36639741342050414,363.3498474787852
53.71145873371309,94.30758377447076,51,3,0.6447903807587931,468.6125634442555
43.960148132841795,24.069271183250496,56,6,0.596658271601767,228.77019570037083
50.865897874729,12.150137630091805,50,6,1.2329867510846881,222.60630171869545
48.44322764607921,19.747048985993732,48,3,0.9766560886366064,236.2765794412014
61.67782061659807,88.69249002092695,52,7,1.0339379831673996,460.9670952157483
52.54420843301213,64.5810812655206,51,4,1.2519534535351364,382.1263325306974
53.37602662075202,28.590678923916013,43,1,0.3461769942067443,276.5216483328323
45.881230338775325,81.59469389686173,47,7,0.3890997222468986,393.0027404156817
45.123937759275066,86.1369996363436,51,7,0.5762494217931907,427.2133362496102
45.67441812180379,84.6514338690278,47,2,0.36739241863416605,434.66258561157105
53.944521423782966,91.89265336395545,46,5,4.195571564022229,456.59729847238754
45.79015519179737,25.224102017336158,44,6,1.682287818554099,222.70878784196017
52.89774856896413,75.50419287462783,55,9,0.1799100926195069,412.69720816622566
70.75400798645438,46.053949727414,49,3,0.005609861773409701,365.3686977546744
58.711247034316926,84.19985528900615,47,4,0.04372544320857568,428.36439526641067
46.73976467832159,72.84906771616131,52,10,0.27979783627587884,384.7257654322218
62.012139221639444,77.64474464997247,47,4,0.12136714748501953,423.023684175379
45.91924626978449,65.61618376810715,52,4,0.7621502982977582,358.3729274763491
29.61875464822146,17.742876946970686,48,4,1.9518945791817013,184.88168882211895
39.91913689082596,54.502691889693835,49,7,1.3346519671449566,312.33917691017365
31.292080789741444,98.46697395245081,50,8,0.24284773888553096,435.41858523253285
46.48486515958692,93.73880664971189,54,6,0.5096583986146955,463.59584521087385
50.184183791895514,4.317373579701167,53,6,0.7090615643256997,177.09218411835508
66.76437312275283,16.481481572943714,45,3,1.661815212582264,249.6485016041417
53.269273737641626,13.172877345456191,54,5,1.8271064981755725,224.02591812410728
47.80899471191136,72.59799099852955,51,6,2.4048206288001714,388.9461091533072
58.294055811834895,81.77853298569451,53,2,0.7118107678344467,440.2690021330829
27.88864690992115,21.35113663106719,51,8,1.1850684445207131,182.52407459074354
52.356145581085656,50.5852692951829,47,5,0.11855875408632244,339.01559440142586
57.708651938869664,84.07030280112,52,4,0.8330737443786291,462.4358237431258
35.214137542201584,73.28015447662506,41,4,0.2859393378577616,355.23763554879514
61.43754043206929,54.223720549184826,54,2,0.565135542587306,371.5272603093046
53.38496407494414,59.03476904587729,56,5,1.0052599559417936,366.68472692713186
45.847120860991986,50.83605469162799,56,5,0.29704030827090644,335.39443801465796
56.32781866106285,29.754845131882057,43,4,0.053596004429175434,239.98871966546452
72.70692857804396,56.50219928590161,45,2,0.010286582352212626,381.3818322258742
51.81866255058495,68.88853020500906,38,4,0.02240874653218381,359.576645689242
52.48220586300336,87.33229158608077,54,4,0.008384791838029603,447.41946746446195
45.40639100459756,63.629135397924806,51,1,0.11693283580633403,368.6264638547006
41.50155630535208,76.1121537043158,58,8,0.2737643279058849,394.52991548581235
58.303358165442454,16.0071634954573,60,4,0.2500286306503315,249.0232834305501
41.43916174091133,46.15574744197899,55,10,4.3272804659959,284.8128555103551
50.715662372193925,0.9331619827093296,57,6,0.36529211564506964,185.63804557033194
45.223425532348834,24.667886452162303,54,3,0.13630183631567314,250.67328739029136
54.78979825746392,72.64617151130048,55,6,0.7886949857640169,398.6072297787096
53.33662105286948,99.18099513493634,35,4,1.9516286563782508,434.6828289404536
60.375399442578995,9.917809958721591,44,3,1.1333912565708788,237.74663027343638
44.89983601145253,40.14943158612883,50,2,0.3510935335084391,287.5997216222985
47.30125064706629,80.00709686991596,56,3,0.8246604048658814,414.90805601797086
40.21236284217693,20.403563462889885,55,5,1.2547608726788808,235.54536412506724
45.55706739923888,55.50849493022862,52,3,1.3023374496123934,335.5544130040017
53.77300493044852,73.30712960296748,54,4,1.0982277285139117,419.78771678611184
57.56988616645352,61.5985450260179,47,3,2.0464743780068027,381.39901956973296
40.77834675822375,18.802473461541613,58,6,2.0410323757735296,209.218905162221
58.6960592010566,35.538456868573945,53,5,0.8649717664077423,305.60743517196556
63.55637858804951,78.37917844853972,52,5,0.5618669658807639,455.0031490914116
54.13434903223701,55.42265141320166,50,4,1.0260227206380403,337.5501454006009
68.76795812558066,0.5229613542912737,55,4,1.704914113556749,209.74105439351172
42.26210800896427,76.09907600280938,46,6,0.005668138429978233,370.6494333313365
37.55345296688583,3.531135494023907,50,4,4.827939934031837,167.60449827074544
32.212797510957216,74.57337827312321,40,6,0.20198617094532642,347.98958696991997
64.96044311489183,20.24805601652374,51,4,0.6353481670832751,245.80733097095862
56.54365656354058,95.80734801193802,48,5,2.0559573455090443,473.4188183980645
49.44415329089545,36.79407513020845,47,5,0.2549443787864579,274.75138264370463
52.799686263198204,32.69316163380791,51,4,0.6477823502500477,277.05609874131846
38.74510952701623,14.888805033244468,56,5,0.1422345038458255,195.28643318935474
74.45751979616827,30.560421549021488,53,3,0.5026529865762774,322.0788864545423
51.292211819752275,87.66507618282006,47,4,0.19496367847669474,444.58423499103435
51.09394794604893,99.63343376272474,53,6,0.4519715861893656,471.16853350694726
57.25766623898692,36.83095305068483,55,6,0.4675493902239564,287.6836313206592
54.810092317367136,44.861063095454256,45,1,4.986546219451843,308.1722307059299
52.23884024279131,72.2070938202737,49,3,5.26160543309331,400.66182923242604
42.09525544554688,88.61957804650746,52,4,0.12192617009010173,421.8389415719912
54.714683571359956,59.304433418678414,52,6,1.294513235028071,347.36717778715354
68.82024496475034,39.15256981778293,55,4,0.053132331400078774,343.23062787204327
63.454200461549775,41.262184084862376,60,3,0.030657181036043476,353.3484346476698
65.93186626639397,69.56181464968068,44,14,0.11130469650927807,399.7493319829392
44.88784323568815,0.32182636042786816,46,5,3.366380302439831,141.18325695284392
40.10395179741419,61.95893374598407,54,4,2.827907757813189,341.90639941258513
48.74213079900352,35.54930104413574,55,5,0.21558198748350227,285.64755353866695
50.557249122886944,79.41973312770843,45,5,0.17634624723117262,396.27656455638197
60.94191518470949,9.299063982313216,54,7,0.2751411548744404,233.11474462907276
33.07535370285181,58.82022669483905,41,7,0.7247348473507683,291.5367763412228
65.29550319460614,48.09728898861238,54,7,0.8432834038606628,352.6391500790697
48.419921014210104,64.23255259052274,52,2,0.25050630831996423,364.2542789566048
45.7311893005258,6.485359448296835,47,5,1.4131427268459997,185.07700492744297
39.87895624739832,57.99837874281313,47,3,0.37041631040478534,322.6103569472904
33.451433281342304,56.14845879595237,49,7,2.5527315318754855,303.3833259497491
58.231705839619146,56.06600944161709,48,2,1.0692167224383446,347.6327876017503
50.73317967188404,60.34876665964548,53,6,0.5733239063683412,359.3603494686372
37.10039100258946,67.64679372263622,58,4,1.5602287965269446,359.53908815949814
37.04921227936384,80.49889996807697,44,8,1.7032796142368736,368.88982190067856
46.64215300709872,26.982072012821433,48,5,0.3431688568674303,245.3254322968461
66.69021525289392,82.5049410180062,51,1,0.41508302812760367,460.53496696036746
47.40408648636395,49.82556822634536,47,2,2.7481717180236203,310.4008054311958
34.96857046881894,7.705827913433117,45,3,0.18001346851611527,168.37031698857479
47.54256935914056,5.85509292439792,47,6,0.0430645247824275,182.79016058583647
47.27276430252329,33.42383186960608,51,8,0.6052376318315134,254.47848534527844
23.031133570584284,78.48969771114676,51,4,1.6155057860179796,369.40530022374566
49.45705133482188,70.76809347409157,42,3,1.4769550344184637,380.3882624057188
47.69065469791322,78.86149646724064,49,6,2.519878650349014,412.4841109101637
56.96206364813418,51.72690564416094,48,6,0.7618558018120519,342.1098737973789
68.48956094945345,44.01989979554906,45,8,0.10543237553583362,309.1615498802838
61.26565029547757,14.745252670628394,52,6,0.8884055972390609,252.6932445154086
47.31111309445169,32.81927536093116,54,6,1.5068615334799866,271.6879291048967
38.934740912583294,43.40193661738753,50,5,0.09797465867433586,284.1074834956371
75.7335980324986,8.860042967961723,54,4,0.18953640263042437,262.45116544661903
50.59218434014488,22.061195271121125,57,5,0.012366815970172139,269.7307256200988
50.13929291912946,59.82252940637388,52,5,0.9005467696480577,349.78393721271954
49.758749128899964,73.56631142391899,47,6,2.1780197046530105,382.5124026271624
51.98084760767855,99.83475113929497,53,11,1.1106746958714406,468.95560341614635
48.556395880760576,93.31133313435576,45,8,4.019613093123431,429.84736565063724
44.26337993119763,64.25651995351916,55,7,0.0651079125431742,349.7810073871058
44.53141058759608,42.1248053294072,49,7,2.333055487670158,266.9195897007096
49.672467297840015,63.617736470823274,55,4,1.6823758091675665,374.9647021140746
44.56575228866235,78.56516180802319,49,8,0.37722978394667783,414.20505564901515
42.871542173228356,11.833619092338733,47,6,3.6316130044062507,209.2596848416751
51.064302276918966,40.99048896962883,53,2,0.33958993904862766,295.07639022230444
47.450227825791444,83.98022856356172,40,4,2.2009741125196665,402.1195975658757
65.0399298858269,38.3832951933044,50,0,2.126521216992963,332.56316715607494
23.490301916069882,57.18722712271865,45,6,1.4174037452967463,287.3657548423736
60.91506851922462,58.77693608621982,55,0,0.8288992629497365,382.00610201305483
62.46085192497629,18.447625313363936,51,7,0.1278364960794119,250.69723400161874
29.266097675918505,36.22354416522884,53,9,0.7592265885132742,253.9858422969556
46.573124059196516,33.451128874193216,44,7,0.44129373970232016,245.26912515390802
46.28559134004209,2.6196708532064794,57,2,1.5712611726629442,189.73894589416327
35.924883052821784,2.4191763891355245,47,4,1.4193516065507454,151.05663369827627
42.22183312409125,83.16970436757735,45,8,2.4147745100867786,397.886498917748
38.894241545341714,27.30708099728124,53,5,0.014941228746144876,244.587022656863
67.52270443423623,51.80787662388154,53,5,1.6560223992203118,367.8064116894451
59.35678393147461,29.872557358877305,42,6,2.7881012720865868,262.9859640402066
62.71555094994159,94.06792451153404,45,2,1.5573220896794866,475.05998852430673
57.21672064043235,25.929675886577375,54,4,0.13948560940955138,255.30143224421857
38.70948228782771,42.96568127389351,53,7,0.08477290769525367,288.4431557093016
44.75479733720226,87.27302504846018,57,3,0.021065569075372693,444.0109623547808
54.89374561227918,84.19335667918087,55,6,0.9908667292255455,435.30141594763944
37.778721911080545,18.610141784627732,58,2,0.9933679397790769,208.44275695986155
57.12998430172388,80.26433097957104,47,8,4.336190484030294,415.3554449754501
47.59674601841865,45.81868867378927,50,10,0.507569554026049,302.0193282844062
46.251791924504026,48.29688720853552,49,5,0.40332682321588775,310.5531050549706
57.10959968203491,13.347997241594378,47,4,0.9792969001559941,238.91811052775375
54.4426331148604,8.060151375712465,46,4,1.746453496424878,214.95663051796976
46.3903383418092,72.79393069737652,49,8,2.761038871664994,388.97789542647325
61.59329803364248,49.646115235529976,48,9,1.6251820341301344,340.83754839736673
39.189366724001026,43.68507026151796,52,7,0.5563007548121494,274.6647033715598
56.15935606944264,72.95082286523967,51,7,1.0076229812534137,420.96755306881687
55.93101257968384,76.55128989911097,48,3,1.9400228005644804,409.53947354987747
46.904535606860094,15.890816766935355,50,8,0.674540735682701,215.2952628538788
53.26133022242118,61.02251494776413,48,7,0.24422246343986798,364.36372917357835
37.488864236146966,13.535408227768553,51,2,0.18599642856894746,191.6999117093264
59.24027019206901,75.13750860290457,40,5,0.00015775702104124138,412.90403964733997
48.15097863557011,65.69551562671396,51,7,1.2666925182079,370.94242359230725
44.772769794809605,95.6614621083458,49,6,0.11776739573042705,456.9163111360492
60.49009225836889,6.895801635642118,50,1,0.27950109435790155,220.6410450167275
42.95656309457241,5.705472115125431,59,3,0.353645724549773,189.65054591233547
35.91538703636441,28.218707469320016,55,4,0.8218442434365169,237.72875259591052
34.433708264760966,26.170568373590598,52,4,0.5074268682441945,222.75671686705368
56.06009951345639,24.697879907199983,48,3,1.1229274979552903,243.87098056421823
37.19570647503717,90.62545805210367,52,7,0.05724640994188313,410.75959249654915
67.54794181984364,24.95461998495061,64,9,0.13231977751457466,308.86521895277593
29.18070592116278,27.1949726128631,52,4,0.6915714297741009,203.35261693125523
66.96456368290038,75.93982624179637,51,3,0.4109271798699719,432.706373187438
52.11017467202618,44.973984245054,54,4,0.35071184823128676,307.6412663845477
49.032868881296075,77.67105569551812,58,4,0.06938017401909824,411.5017153687583
44.550809131910505,6.536615756438524,55,6,2.2606677761391882,186.658772492099
53.991361143520706,48.75711936733843,44,3,1.1770666633170663,314.691742805392
49.62365297575152,3.3613600183282633,53,10,0.12967387877252856,169.5477417339871
61.03301882016521,6.265320345535452,54,5,0.06725790356152507,217.50669365347213
51.142276486620396,90.64374533444109,47,5,3.6837937455306173,432.6268273620851
51.50301761461878,13.924537111759516,49,3,1.1431052330108027,210.4140744672551
46.36387787786144,53.24206822752171,50,2,0.5403506819544617,333.859161971288
49.43054376278933,41.10956026007065,41,7,1.2097596517287141,289.7436982703642
53.07801768892059,34.73433262588427,51,5,1.4119477596859769,271.2493248982651
32.89831607343375,89.98333456872724,49,4,1.5139559400632332,422.93329482383075
36.518145778942866,2.18233967754895,47,6,0.6498526720769804,141.98244482334277
57.43264094022715,66.37896861755891,50,5,0.5619132518040482,380.49208652681216
51.708654381279416,96.33944342135504,53,4,0.01108934439446762,461.01909115321615
48.16016663647321,56.016818346184195,52,7,2.6112472516036958,339.42990906136436
50.184339330653934,93.68224620330918,53,4,0.9245948114748996,478.7309197717247
53.47581705361671,5.225787928602377,53,2,0.2270937646311218,185.73240370351166
44.60240319690639,41.87933190741614,51,3,2.520783633819019,269.27393948184545
42.216952745976876,26.015779096205115,59,8,2.464303187602127,249.66634803804
51.958452550976816,73.08209649807299,51,5,4.526743956366516,402.8565863254256
40.21627222384968,98.12970904972467,55,6,2.0719223866240446,454.8483936950255
54.082527557144715,25.65300624442478,49,2,6.112226534467454,263.5820686017271
32.9741639576216,65.41746014740745,48,3,0.2806219712196754,321.3880984235652
60.29155637325644,19.809763275974014,47,3,1.8467411480823959,239.56370485147738
54.72597482413043,56.53302545716099,49,7,1.73176549589878,350.2906053448028
52.56029734313876,46.39324866883362,43,5,0.26258675620389577,323.88103430006663
59.82690983945514,97.2005329631537,51,2,0.10362596419680506,492.3622251692719
66.65474444462576,60.85272726964666,55,2,3.8834605089265954,403.4397105956339
60.1437006501813,34.950637208681876,43,7,0.3510117977512667,275.4025479707357
31.591257686683548,11.409578488793336,53,8,2.0471043926618337,177.13530166806632
37.204230332642986,15.124682873493455,49,4,0.004135694883399153,179.46101679774836
43.75181422304321,22.53169299512351,46,4,0.021248976118538696,239.77628101105904
50.26091050210834,25.0966661340298,46,4,0.6271184741059397,232.69254631267236
55.17659020469123,85.06160578411378,54,3,0.2727470688305863,437.07319157674016
42.742561868465344,56.12227882825249,40,4,1.170671123608307,297.12120379104203
51.86766764477078,52.33909113743665,40,6,0.8337073902720064,318.6107718974155
42.44617067646678,11.476887186921747,47,5,0.0806525074683432,187.7609193923299
43.884821970080516,86.0139693349435,53,5,0.17748721664835243,437.9439627567586
35.93338903151778,72.28143032084837,52,3,0.49110350634203964,372.975218211965
40.76766753889096,6.766836190000158,53,6,0.2053086233204232,170.42817651523188
36.48315394383666,70.78350972297687,51,4,1.5712867481786523,368.5507924207768
40.241267470226674,54.353821734264606,49,2,0.5379745697448446,303.6088434200062
60.536417966078396,8.172534574677826,52,5,0.09808909093046157,213.90690926788383
40.50601111168057,45.830064152865646,51,7,0.6623132736917418,292.6868101693503
76.32382064837391,48.469628713004695,45,8,0.09523218201378719,350.237663650436
54.93317900880889,16.577454016327575,45,0,0.13804132471986028,237.7453085706819
51.84836123694874,94.56981470002823,59,5,0.2739235985253725,496.1992949224624
41.41642219818787,84.99753714806619,53,4,1.9627450000265072,412.38023493244793
57.003098794089915,66.90223373291083,47,6,2.5851142290954825,375.6960296000003
44.24362173762226,46.22955610006072,53,4,1.7501822808911651,303.38001566868627
51.220098146453616,41.17655415845085,45,7,0.40658155723238887,284.39613548313974
75.60084538268795,65.09734671509541,48,2,0.31806766217738325,420.111035292601
49.0394010027535,54.543186940690546,54,3,0.7966332114741832,327.9843180205504
61.49273326285676,6.227310588188562,56,3,1.2796061052185863,227.35246227629295
42.96823574874112,51.25026487703317,62,5,5.016571100214452,349.30649851428
49.65011509503038,80.64036172328395,56,6,0.1410691150139382,402.1998898275071
67.7080063563551,45.923987759695805,47,9,0.05054830777353377,327.50150169239447
43.730329422122324,5.195657755426842,44,6,1.1853338898131567,161.59705867165263
68.12448557996929,78.6278199384033,53,7,1.7851361529168834,453.5513591799076
57.07751935455475,20.13637821359744,54,2,1.8730700494441577,263.46799430755226
44.37533224105732,25.862083488803876,55,2,1.1346443640552093,255.93625987353462
56.32407739055521,16.47063534322959,47,8,3.079457509334398,211.64304258484924
59.7255444962673,33.02150648714976,58,8,0.715402530954686,294.7721501880209
56.21809962217196,75.6751505688635,61,8,2.4512567904842517,417.9584818697536
34.297752801095434,51.93858595039374,56,7,3.4361658226885123,304.25927460987384
42.728628241751316,20.488127415071254,43,6,1.8783470182476087,208.6044395863046
47.52481364448495,87.78300781520409,52,2,0.3707138342736321,421.70637959987636
49.25566570899954,87.95818549515292,48,7,0.2184242686299785,426.49034435260023
56.206720975506784,87.05784250460069,41,6,0.7943387649266822,437.89215492077267
51.777010009332535,23.87962113815393,47,5,0.603333442883869,236.90957508723133
36.64655641289899,45.12393441809881,60,6,2.1017553917508898,293.6625827261941
53.801978510059634,98.49896561408751,52,4,0.10539570635162675,496.06975205818816
56.10585745283823,77.20124763099903,50,4,0.29805577548048046,436.7157529338653
55.5979044793104,2.716742122555982,44,4,1.3935161536771934,161.73242440003517
60.807807255546216,6.5204591260492055,51,5,0.09980557845994655,216.31596760922483
58.33922154548904,46.39313768123328,62,4,0.3867872513965319,376.02818384676453
54.59180079228437,90.92202058615601,35,7,0.4896438728229655,435.73813202136256
49.29834288541353,53.870179795271426,36,2,0.9744332088820097,313.3921257461129
33.39039066484008,49.781250803429025,45,4,0.1721328136337915,294.7514155244637
54.296182191325855,10.547369995663058,56,1,1.9704399931523606,225.91540243425754
52.076876871631114,65.6780104724294,47,6,0.5933782927950916,375.7791566156638
52.715788371953735,82.21031606002255,45,1,2.4891762943282565,416.9594799740547
37.232514241796906,38.04200075075623,49,6,0.6308672962869392,261.1261343400117
39.189434595917376,77.56118509253275,53,6,0.3216391552427114,391.82873136985506
60.53152853332904,96.44766539008116,50,0,0.15295169902771077,494.06164089364137
49.60444846143345,20.376645912768907,43,6,0.0037521251370457457,217.52162784027942
56.81500697372624,52.33296311947413,53,1,0.7596235460733202,345.0399124279661
50.28318376130461,28.713795808457554,62,4,0.1133441859852923,258.43293067264096
50.297561394957455,79.28544190338394,55,6,0.49713274004374347,414.07993794156846
59.382838059759976,57.75933658811575,53,7,0.8898235027429199,377.57403953484476
44.83955271782626,63.45824175503038,54,6,0.3225301366224992,362.68607526074504
50.96120776940983,79.79141596158941,52,3,0.19264379914536278,407.82914439953026
45.377247112949576,39.59704726624549,51,7,1.4904184086721948,263.50701127339363
45.65503772567684,91.50900684070432,44,6,2.93353096184415,427.41288862259097
46.908278765313604,53.302886724614,54,5,0.10584998861013148,341.462996230909
52.22133771633713,15.7954822835348,54,7,0.1691175045054156,224.5401389651805
45.212513783365225,69.58991181688025,56,4,3.219192306261121,366.74553797591324
62.55756125573521,79.32613504382545,54,7,0.03851655181781312,434.6984559199006
41.05392697780496,31.67616770675267,48,1,3.8001389591129673,251.89794571502554
48.13128355838641,85.7179256998753,44,2,0.004655302209042451,430.84071708165555
45.60268941725825,90.61432547657664,50,2,2.068847106633694,434.48140498300256
64.46977884353733,27.690448737780894,56,6,0.3671946265527541,303.55982802593485
51.965547765115744,98.3521472715222,50,8,2.790163997380963,479.4279588262889
60.31844539468635,14.071152804875842,54,6,0.38118031813284237,229.08369763014537
35.14439626963028,20.201566840248997,54,0,1.0622022184064677,224.40057424269904
52.67050265869259,18.422483923802613,52,10,0.08341701148521015,236.55958475956444
58.89630795623437,89.39897100078704,57,2,0.2775070954852412,458.4226983773877
50.82283989275424,65.42925523249619,44,5,1.4858024643968948,379.0417588823744
60.654803750653514,15.210428322227287,52,8,0.7522304299688961,239.68513658868804
44.82711549899628,44.032341836834895,53,5,2.630659554857416,279.31682498538805
64.0934744018558,61.529802506980204,42,4,0.559930802144559,366.7136928456111
72.9889812361925,8.34640849893833,54,3,2.0387785292474923,240.99264555204772
46.37161439560341,88.24163684073388,53,7,0.5959395973794102,426.65073997225977
45.54497478599228,80.36035354415351,51,7,3.875126081624741,400.71915608286264
64.533844771177,50.52067735766382,53,3,3.214743907978057,356.0558289524962
65.79572145730712,96.71266152591704,41,3,0.3991898968297715,478.77940040719403
44.771399728467316,41.77609792750997,44,2,2.170887496894084,278.89624097969397
45.798131829041424,98.41103190364979,54,2,1.8813212724757968,472.7032932332078
47.18215391139493,66.79199988036271,34,7,0.23658396706060944,334.77594387160514
36.555494889657226,63.467127325394145,52,4,0.9789387765110736,351.3223770655364
40.81348053515802,16.5954895295785,47,1,0.07545907049596233,189.16159467333478
39.95859233247932,88.1927758304644,47,3,1.812231930783906,419.64670071460614
42.32202434895871,42.74896879206152,49,10,0.19182159984812985,297.82366835096127
49.65315112613219,16.223340578247935,47,3,0.0734470997626642,215.2027585006091
52.342147325365204,1.260751997575904,53,6,0.5111908496842095,186.9012043533405
65.50500492814076,55.975568363838256,50,4,0.8601990473701828,362.25699104404157
40.016459592612094,52.739962212267635,46,5,1.9304490009036002,299.6349885807768
59.843223984765835,71.93536223691585,55,3,3.6590304229923443,432.16932005242575
47.86011155774491,89.02580530178021,41,7,0.578912678075406,428.2824619646669
49.50536290347567,7.9406584643029525,43,5,0.06235096676459965,189.0181444007999
56.74819492166604,73.14964903403623,44,2,1.3827629201078138,378.5655914732753
38.772779784377015,18.741194409758222,49,6,0.832807617402021,197.10441378736286
53.82409746184051,85.8177053157164,53,3,0.59401041302542,460.4912289740987
51.66452208213056,81.90635138616561,46,2,0.3700046464130392,421.15641795399944
54.92451264008149,54.07937549855444,47,7,0.6979557790477489,344.4431057442668
52.89168643907818,71.02427986233116,52,6,0.41351684318786536,395.5617640046109
74.55300139910895,31.43501131837484,43,3,1.4147426753007286,300.28114186400694
43.62260015748684,47.116789893281464,47,5,0.7850293749097341,299.9209858993825
44.690030449981826,82.16368977104716,46,7,2.094334080312683,386.06898875488
43.76859473575236,45.92651971732139,46,4,0.784262782149394,276.2622016330781
44.44522880839745,35.77982653254418,53,4,0.27215315706784327,266.3771900206519
43.62612872693482,49.421244725029986,54,3,1.9044258225253485,316.93763398929224
61.89016531107552,82.82492524372184,45,6,0.8146800893030732,421.0583751030318
64.20504247989855,33.520804737087275,52,4,0.23173162112268156,306.24292609120795
44.29253706250524,17.37615931357438,52,5,0.9768579755329629,206.2679596024189
41.67644426895771,71.20140203307808,46,7,0.44272589647960114,353.85883992927074
54.71415556386404,82.59782127080818,54,4,1.8605027366034133,449.2176597168047
44.477769557190285,10.063747852353334,48,3,0.6038545950248552,190.0197234696472
56.32931817755511,23.98741127559447,59,1,1.2962392673332768,263.5828163975381
52.029230208513,14.19719897609939,56,5,0.10041300550219062,230.0183920729337
34.84255885002768,34.79414115821666,50,8,0.5042213903073224,230.37135813464243
65.47505201330061,45.035097890541266,64,5,4.088845895978384,363.3787009762239
67.95877673095522,74.88263369633064,55,5,1.652660126204144,451.6386364160617
43.87211309515614,65.11475848816741,55,3,0.17428291625520523,370.7057890050305
46.122984400640156,62.092856747843115,49,3,0.32540339219917724,372.10168208918935
52.85865390724905,35.23749466096544,45,6,0.4002026922238625,256.5458811847722
53.34456789987025,84.144755308476,48,5,1.0508671288840297,429.8930925259664
56.5854427267283,47.128716739816454,51,7,1.414672269987938,314.1220283746608
70.1020453876635,97.91049380151546,55,6,1.3844025868853242,511.7033578663557
48.2305277250595,63.41421382957368,56,8,0.7130928929573717,366.71913662296254
42.01702755461546,12.626474156450273,52,8,1.6650591791980416,218.71193240832687
36.20680771985473,67.6177562075434,50,8,0.5746143509714777,345.66911295841635
42.69069960058081,32.5104015431699,50,9,0.13225285635253176,252.62830162782478
49.66873027126203,68.63271966860974,50,5,0.8311269477568868,387.78721061525414
67.94557863517788,6.964114816240574,56,3,3.042852908786011,238.7552843238017
44.823887009638284,17.48814371759594,45,4,1.575005816585676,225.9236759246107
52.237879516388986,85.57372589057863,51,5,0.8644116473642212,441.8937815976789
49.83577103927248,22.71795570235149,45,6,1.0407368362841938,240.61043998379958
61.88393273448084,83.704112524294,55,7,2.6673214002365953,435.2045636774561
75.26932425873622,27.927608845441043,48,4,0.5592157582191606,324.17360324216105
44.69131227079679,64.28819100587077,57,6,0.40256053887039356,358.1826083561853
45.10560557481778,69.4150573509831,50,13,3.782819433092064,366.8590815275015
60.44160877069072,51.265475314505295,44,3,1.9910141467927063,332.65260443354384
56.81891489626312,30.531067669673128,46,7,0.39014838719487066,260.48851969526686
68.46707325736034,21.264437637109612,50,7,0.6232118683834877,260.2057757543061
55.839281853259635,3.318935456242622,40,2,0.5362769945288769,181.66778666223797
46.40707909212941,30.39464012407238,45,5,0.16145558760083728,229.29911062206997
55.90654830692309,65.3162790531283,45,2,3.1657930730798958,371.83391090011156
61.087035805829075,93.83048184484826,53,4,0.518038962820669,491.74320361922537
58.204821811973645,87.1204482263052,54,3,2.082077674329618,463.5904106802847
55.07274031107298,76.60647765353026,59,3,0.2099265663453838,431.2892674592974
60.666746895891535,78.84473432532987,49,1,0.7937873228135606,421.9138513458571
61.692955904456724,66.49849034759953,42,7,0.024253128929840967,366.5204309285229
63.82158991037527,26.0286857566003,55,4,1.444858164212502,296.64717828076743
56.48709887589643,90.71950307058299,43,9,0.8696788867252491,440.6431088041401
48.328819196831454,67.0732311905834,53,4,0.9824027128366434,374.5465475557743
51.46713686433323,56.04406309804399,58,6,0.053106392377475505,353.0905173355748
62.06508966508357,11.098946921348107,57,3,0.2370375400623726,248.1509497930202
41.83064329012764,44.70555438064254,52,8,0.07723842174443914,310.21111018344254
53.686733088729014,46.03582712019263,52,6,0.34096234420898597,335.1046890522702
46.06661187672639,86.45636095226699,51,5,0.9873545168000502,402.17992145829055
50.28744822934817,54.66482201877885,47,3,0.8351393720227133,330.4839728021425
62.78451862607299,38.04005489704097,45,11,0.9471361521082481,288.2217667580835
51.910990680199035,97.68003285106593,49,7,0.7968452374859257,476.24636848939775
50.46436548156149,11.072059332631568,43,6,0.3188684111407182,195.68474377725852
36.40143859020081,42.25484283119446,61,6,0.28038542100412256,294.12892438933864
57.46253566027221,4.202467517140529,51,6,0.14740974850181426,197.09122916638808
56.45484181141075,73.99041207669303,51,6,1.890944922577698,397.9872037935908
71.6325472330546,91.80765521991506,50,5,0.9583618357412571,482.50525280785473
46.92221765046999,28.003732955048942,46,8,0.2064228896046667,227.5255074935095
52.19150327663939,85.83416767991208,51,6,0.19505352114828434,422.74916889799937
52.49383683710755,29.221823046189776,44,8,2.0638485587999518,239.91021225769913
65.77453279763475,91.07701616439152,49,13,1.3576325193312797,461.42308731031295
49.047044676130476,75.3961903596784,53,4,1.0770438093636905,390.85987879098434
52.790215257703395,80.49067768414386,58,1,0.5223317452585197,437.49339461812053
56.078965097165394,1.80065556004545,50,4,0.30377834419609673,194.1085133210171
51.86609123156358,96.2810357074026,47,2,3.8849314731733724,466.00533165391687
45.535663854494715,72.66709920703232,52,7,1.5957301694184578,395.3225789526022
51.94089992898308,30.47510953861333,48,4,0.3592199270001254,264.52374956004496
60.73631749859772,82.9394664858847,59,5,1.8810156668570197,448.4828884840204
39.7348470058894,28.152119841492997,60,8,1.4226760144572017,272.04008929555977
51.32969674146876,87.2753839566128,54,6,0.3525129739325836,451.54200438581387
42.99879185060827,11.258039041193701,53,5,0.556089507499608,198.29489875684322
61.950466289248425,70.36859774607957,51,2,0.20573772222070322,411.3354703566589
34.76813095216225,54.069847664491036,50,6,0.11771703775966558,306.6423401068006
44.410781527284115,9.653447019544082,48,5,1.282879054377706,185.26089130965832
53.772118750645205,24.189382825883897,52,6,0.311308125735745,256.3946313939803
65.65524029234341,1.240403627731479,47,3,1.7151282921925164,209.0254880740392
49.34249738927012,46.876796546450585,53,6,5.428132590272592,308.55002227823655
44.44800473306802,30.126526076000037,53,6,0.0797142267197653,239.4344291757658
68.8115706944059,59.83574842977588,56,4,0.6406213836747662,378.37395899924326
35.51986099583756,29.72378077086172,46,7,1.6198042543274185,234.59005249359743
28.011940433799182,29.99191115069847,59,4,1.5556644547666014,216.67037269251924
54.40014450053332,74.31931987316034,44,0,1.42710451542261,402.41168856012644
44.97945775647389,4.814283597835345,54,9,0.42923785692965416,169.35820735597247
39.787671828692865,90.28949951919873,42,1,0.6048675768658087,401.56138275438263
57.08356447299353,85.22638743911814,43,6,0.9037900849065279,424.1643036582839
52.43800713771199,66.78046832264066,48,4,3.6473761009842636,377.15874076340236
44.359213692632714,59.32215701073843,43,5,0.3968234613350499,315.7989813337048
37.19695601329106,89.23024981396523,51,6,2.565820276920965,409.41533676553667
58.724573282801444,18.533017952871443,58,8,0.3138301986350018,255.79100970241166
56.50201177958661,7.896916219082861,49,4,4.516652612305336,196.0921543079524
49.00824136220617,23.95101699095381,55,5,1.1094619949257198,264.1518758420207
68.46636996047665,79.45782787001903,47,10,0.6227101157583262,423.5808461050724
39.29915233673847,3.4670266726483323,50,5,0.9503399532376532,159.31769286691363
34.74474829075261,58.280683508348964,58,7,0.318184124895843,340.5569534324071
43.080919301187556,99.54375161913099,47,6,0.3204447659919059,439.04842782086195
49.54413983644502,85.56960938375394,58,4,0.12053568253897098,439.70084931927477
52.43339449322692,52.14456890435895,58,3,0.12109509940768654,348.1290825262032
47.5876394214367,6.364090928664234,54,5,0.4272073797462263,184.6998471088409
53.520553965142966,83.13735143857099,47,4,1.4390855257925932,424.17833450268006
37.48460575809556,59.89785081772106,55,4,0.9364198898509898,340.7772085779538
64.4376460407326,11.493299705956684,56,5,0.10823638069748408,240.18378421615634
49.178488216074314,9.38572848233562,50,2,1.9121424253378578,208.15745802045936
61.172958315881274,90.96268194365923,42,7,0.9197156577177706,458.6612718665601
53.42725346377704,66.92002629380784,54,3,3.240497313301762,381.2855837974433
54.567532191537836,82.92867993167555,48,5,1.1092248049736377,438.69564784932777
55.69767280232204,87.89789002822673,47,6,0.19258387111837255,435.1796445524931
54.47708560017315,57.17723520483222,45,8,0.6420422923045778,352.54480986889513
56.42722759867544,51.74463517550413,49,5,1.045538732896181,331.85820374100257
63.29152530132431,43.042741032099016,52,3,0.028671837792311018,329.0505401105283
51.9652116970147,31.69465877911193,61,3,0.015022539578712362,287.38795683359376
57.09003757588512,43.459596085871176,48,5,0.13857609645679406,317.4446943182474
49.102643057127736,77.38796557301563,47,7,0.2899037853564732,373.2347011304676
64.40117215449473,60.19234310151316,50,5,0.5613282194709164,386.4595291284275
43.2360769794073,89.2523289954846,49,5,0.6683384259529305,424.2043487138443
68.00940432910815,44.33800143791877,54,10,0.1485320377616558,347.8902145847385
49.59842049355657,60.7089578718754,47,2,1.1189933152993816,355.84859783896036
35.69224897881952,63.130755309198875,42,6,0.9066821962989495,324.7148522651483
51.28104414910789,59.16971623063255,48,7,0.3487976214448885,328.49762846752293
43.18948342525119,70.26337730855164,52,4,0.013754038053636406,362.55899278827707
58.406435489887244,23.74334683748063,44,11,0.08082825776996855,251.871070835477
43.47376020697609,51.23637775457907,53,5,0.4970785090203878,319.6536156439434
45.538165667852205,10.422480280834767,47,4,0.16720560206442892,182.9482353230455
31.104592690544692,38.45113276448126,53,1,0.4729192453633173,263.9389756751319
45.47693680750923,48.76670686212644,50,11,0.9893524175659224,304.18974251011196
25.761206733710434,65.22242595454725,51,3,0.7923874142535868,331.0469548698811
34.16097176514277,95.05310525862035,50,2,0.26289305232976545,439.58147242060403
57.604146561442974,60.06510665483559,45,7,0.42132393404825563,362.1866336030245
57.85800158650832,74.35939161765597,62,5,0.9519987377803264,434.8497028443102
54.254575617849646,50.626605949520275,50,1,1.9722389256440318,328.8043682699375
40.33023856870787,63.41040313763313,47,6,1.3992314403738104,347.313785278415
49.5228864385802,7.093221613377343,54,4,0.8060919996598587,201.50668141410247
49.963974609094315,25.439158084184697,55,9,0.44987634613280025,251.2983130823009
38.416353108074574,36.185309320513866,47,4,0.45421103538440577,241.70045084551418
65.0339830176715,47.249335500651355,56,9,2.115419539521766,346.4615588462561
58.77362290575671,4.564874550238374,36,5,0.04003436315885731,171.64711401383113
47.79035826170336,14.002409755331769,63,2,4.4214033757646005,238.70284317879563
50.26885838994531,27.68143077913058,50,8,1.0917620378584902,266.786308213171
52.08382807947552,97.15326909010507,52,2,1.142995927922796,481.79015541856495
29.582651315757094,33.134700710305076,52,7,0.038738580194988936,257.9296072252061
47.52822617479403,48.20410581120825,54,9,0.9302103490321659,311.5647005682431
43.180157520022014,19.609771273839293,52,3,0.6631575198705486,227.6553523103974
39.983799901050844,61.07800710757682,50,3,0.11180222665938006,324.8880714790037
47.18899707114045,28.068321551597432,57,6,0.32562212759788256,259.11045239355013
67.97686526849523,20.699257843842677,48,7,2.2101376999074374,251.77801197996973
56.4084286126701,51.65726284459791,44,2,0.798481954029,338.47058893218184
44.28821010217203,0.5505799160420821,48,9,0.5334403791862976,154.1732433233283
55.72582781356159,0.7664032649225327,42,5,0.07545889822599182,153.70504517327157
